	mean	std	min	max
momentum	0.999998410815012	2.0549936522391776e-06	0.999997605883893	1.0000188441450577
uvalence	1.9999832359420406	4.057245390661807e-06	1.9999649634207106	1.9999935504009232
dvalence	0.9999871422385457	3.021269380501129e-06	0.9999732934067767	0.9999980066984062
svalence	2.8151289648986757e-06	2.8491416749677937e-06	-7.285038727787574e-06	9.02306798630792e-06
cvalence	-2.0817603561813082e-08	5.1820181574240135e-08	-2.056774103675024e-07	1.5980986450204398e-07
